{
  "pages": [
    "cusotm-tab-bar/index"
  ],
  "description": "项目配置文件",
  "miniprogramRoot": "pages/",
  "compileType": "miniprogram",
  "setting": {
    "useCompilerPlugins": [
      "typescript"
    ],
    "babelSetting": {
      "ignore": [],
      "disablePlugins": [],
      "outputPath": ""
    },
    "ignoreUploadUnusedFiles": true,
    "minified": true,
    "coverView": false,
    "postcss": false,
    "enhance": false,
    "showShadowRootInWxmlPanel": false,
    "packNpmRelationList": []
  },
  "simulatorType": "wechat",
  "simulatorPluginLibVersion": {},
  "condition": {},
  "srcMiniprogramRoot": "pages/",
  "editorSetting": {
    "tabIndent": "insertSpaces",
    "tabSize": 2
  },
  "packOptions": {
    "ignore": [],
    "include": []
  },
  "appid": "wx9fdad38ecbbd2812"
}