{
  "pages": [
    "cusotm-tab-bar/index"
  ],
  "description": "项目配置文件",
  "packOptions": {
    "ignore": [],
    "include": []
  },
  "miniprogramRoot": "pages/",
  "compileType": "miniprogram",
  "projectname": "ts-demo",
  "setting": {
    "useCompilerPlugins": [
      "typescript"
    ],
    "babelSetting": {
      "ignore": [],
      "disablePlugins": [],
      "outputPath": ""
    },
    "ignoreUploadUnusedFiles": true,
    "minified": true
  },
  "simulatorType": "wechat",
  "simulatorPluginLibVersion": {},
  "condition": {},
  "srcMiniprogramRoot": "pages/",
  "appid": "wx9fdad38ecbbd2812",
  "libVersion": "2.26.1",
  "editorSetting": {
    "tabIndent": "insertSpaces",
    "tabSize": 2
  }
}